-- phpMyAdmin SQL Dump
-- version 5.2.2
-- https://www.phpmyadmin.net/
--
-- Host: mysql:3306
-- Generation Time: May 25, 2025 at 06:08 PM
-- Server version: 8.4.5
-- PHP Version: 8.2.27

SET SQL_MODE = "NO_AUTO_VALUE_ON_ZERO";
START TRANSACTION;
SET time_zone = "+00:00";


/*!40101 SET @OLD_CHARACTER_SET_CLIENT=@@CHARACTER_SET_CLIENT */;
/*!40101 SET @OLD_CHARACTER_SET_RESULTS=@@CHARACTER_SET_RESULTS */;
/*!40101 SET @OLD_COLLATION_CONNECTION=@@COLLATION_CONNECTION */;
/*!40101 SET NAMES utf8mb4 */;

--
-- Database: `market`
--

-- --------------------------------------------------------

--
-- Table structure for table `brand`
--

CREATE TABLE `brand` (
  `brand_id` int NOT NULL,
  `name` varchar(200) CHARACTER SET utf8mb4 COLLATE utf8mb4_0900_ai_ci NOT NULL
) ENGINE=InnoDB DEFAULT CHARSET=utf8mb4 COLLATE=utf8mb4_0900_ai_ci;

--
-- Dumping data for table `brand`
--

INSERT INTO `brand` (`brand_id`, `name`) VALUES
(31, 'Activia'),
(39, 'Agricola'),
(16, 'Almette'),
(5, 'Aqua Carpatica'),
(45, 'Ariel'),
(20, 'Avicola'),
(4, 'Barilla'),
(6, 'Bunica'),
(51, 'Cappy'),
(32, 'Colgate'),
(28, 'Cotnari'),
(8, 'Davidoff'),
(52, 'Delaco'),
(7, 'Deluxe'),
(24, 'Dero'),
(30, 'Deroni'),
(18, 'Din Ogradă'),
(41, 'Dorna'),
(46, 'Elseve'),
(35, 'Ferma Veche'),
(14, 'Fin Carre'),
(42, 'Floriol'),
(48, 'Fuchs'),
(19, 'Generic'),
(10, 'Head & Shoulders'),
(50, 'Heidi'),
(36, 'Hochland'),
(44, 'Jacobs'),
(13, 'Jidvei'),
(38, 'K-Bio'),
(37, 'K-Classic'),
(27, 'Kamis'),
(12, 'Kotanyi'),
(2, 'Lidl'),
(40, 'Mărgăritar'),
(43, 'Milka'),
(26, 'Motto'),
(34, 'Olympus'),
(15, 'Pambac'),
(9, 'Persil'),
(3, 'Pilos'),
(29, 'Poiana'),
(17, 'Proxi'),
(47, 'Pufina'),
(49, 'Recas'),
(22, 'RoStar'),
(53, 'Santorini'),
(25, 'Schauma'),
(21, 'Spornic'),
(23, 'Tchibo'),
(33, 'Ursus'),
(11, 'Zewa'),
(1, 'Zuzu');

-- --------------------------------------------------------

--
-- Table structure for table `cart`
--

CREATE TABLE `cart` (
  `cart_id` int NOT NULL,
  `user_id` int DEFAULT NULL
) ENGINE=InnoDB DEFAULT CHARSET=utf8mb4 COLLATE=utf8mb4_0900_ai_ci;

-- --------------------------------------------------------

--
-- Table structure for table `carts`
--

CREATE TABLE `carts` (
  `cart_id` bigint NOT NULL,
  `user_id` bigint NOT NULL,
  `created_at` timestamp NOT NULL DEFAULT CURRENT_TIMESTAMP
) ENGINE=MyISAM DEFAULT CHARSET=utf8mb4 COLLATE=utf8mb4_0900_ai_ci;

--
-- Dumping data for table `carts`
--

INSERT INTO `carts` (`cart_id`, `user_id`, `created_at`) VALUES
(1, 2, '2025-05-20 07:08:29'),
(2, 1, '2025-05-20 07:08:58');

-- --------------------------------------------------------

--
-- Table structure for table `cart_items`
--

CREATE TABLE `cart_items` (
  `cart_item_id` bigint NOT NULL,
  `cart_id` bigint NOT NULL,
  `product_id` varchar(10) NOT NULL,
  `quantity` int NOT NULL DEFAULT '1',
  `added_at` timestamp NOT NULL DEFAULT CURRENT_TIMESTAMP
) ENGINE=MyISAM DEFAULT CHARSET=utf8mb4 COLLATE=utf8mb4_0900_ai_ci;

--
-- Dumping data for table `cart_items`
--

INSERT INTO `cart_items` (`cart_item_id`, `cart_id`, `product_id`, `quantity`, `added_at`) VALUES
(1, 1, 'P002', 2, '2025-05-20 07:08:29'),
(2, 1, 'P062', 1, '2025-05-20 07:08:29'),
(3, 1, 'P070', 3, '2025-05-20 07:08:29'),
(4, 1, 'P026', 2, '2025-05-20 07:08:29'),
(5, 1, 'P028', 1, '2025-05-20 07:08:29'),
(6, 1, 'P010', 3, '2025-05-20 07:08:29'),
(7, 2, 'P002', 2, '2025-05-20 07:08:58'),
(8, 2, 'P062', 1, '2025-05-20 07:08:58'),
(9, 2, 'P070', 3, '2025-05-20 07:08:58'),
(10, 2, 'P027', 2, '2025-05-20 07:08:58'),
(11, 2, 'P024', 1, '2025-05-20 07:08:58'),
(12, 2, 'P008', 3, '2025-05-20 07:08:58');

-- --------------------------------------------------------

--
-- Table structure for table `category`
--

CREATE TABLE `category` (
  `category_id` int NOT NULL,
  `name` varchar(200) CHARACTER SET utf8mb4 COLLATE utf8mb4_0900_ai_ci NOT NULL
) ENGINE=InnoDB DEFAULT CHARSET=utf8mb4 COLLATE=utf8mb4_0900_ai_ci;

--
-- Dumping data for table `category`
--

INSERT INTO `category` (`category_id`, `name`) VALUES
(7, 'alimente de bază'),
(8, 'băuturi'),
(10, 'cafea'),
(5, 'carne'),
(13, 'condimente'),
(9, 'gustări'),
(12, 'îngrijire personală'),
(1, 'lactate'),
(4, 'legume și fructe'),
(2, 'ouă'),
(3, 'panificație'),
(6, 'paste făinoase'),
(14, 'pește'),
(11, 'produse de menaj');

-- --------------------------------------------------------

--
-- Table structure for table `magazine`
--

CREATE TABLE `magazine` (
  `magazine_id` int NOT NULL,
  `name` varchar(200) NOT NULL
) ENGINE=InnoDB DEFAULT CHARSET=utf8mb4 COLLATE=utf8mb4_0900_ai_ci;

--
-- Dumping data for table `magazine`
--

INSERT INTO `magazine` (`magazine_id`, `name`) VALUES
(3, 'Kaufland'),
(1, 'Lidl'),
(2, 'Profi');

-- --------------------------------------------------------

--
-- Table structure for table `price_alerts`
--

CREATE TABLE `price_alerts` (
  `alert_id` bigint NOT NULL,
  `user_id` bigint NOT NULL,
  `product_id` varchar(10) NOT NULL,
  `target_price` decimal(10,2) NOT NULL,
  `active` tinyint(1) NOT NULL DEFAULT '1',
  `triggered` tinyint(1) NOT NULL DEFAULT '0',
  `created_at` timestamp NOT NULL DEFAULT CURRENT_TIMESTAMP,
  `triggered_at` timestamp NULL DEFAULT NULL
) ENGINE=MyISAM DEFAULT CHARSET=utf8mb4 COLLATE=utf8mb4_0900_ai_ci;

--
-- Dumping data for table `price_alerts`
--

INSERT INTO `price_alerts` (`alert_id`, `user_id`, `product_id`, `target_price`, `active`, `triggered`, `created_at`, `triggered_at`) VALUES
(1, 1, 'P001', 10.00, 1, 0, '2025-05-20 06:29:00', NULL),
(2, 2, 'P005', 20.00, 1, 1, '2025-05-20 06:29:00', '2025-05-21 16:25:19'),
(3, 1, 'P011', 30.00, 1, 1, '2025-05-20 06:29:00', '2025-05-21 16:25:19'),
(4, 2, 'P070', 40.00, 1, 1, '2025-05-20 06:29:00', '2025-05-21 16:25:19'),
(5, 1, 'P051', 50.00, 1, 0, '2025-05-20 06:29:00', NULL),
(6, 2, 'P032', 60.00, 1, 1, '2025-05-20 06:29:00', '2025-05-21 16:25:19'),
(7, 1, 'P002', 70.00, 1, 1, '2025-05-20 06:29:00', '2025-05-21 16:25:19'),
(8, 2, 'P036', 80.00, 1, 0, '2025-05-20 06:29:00', NULL),
(9, 1, 'P066', 90.00, 1, 0, '2025-05-20 06:29:00', NULL),
(10, 2, 'P014', 100.00, 1, 1, '2025-05-20 06:29:00', '2025-05-21 16:25:20'),
(11, 1, 'P061', 12.00, 1, 0, '2025-05-21 16:21:55', NULL);

-- --------------------------------------------------------

--
-- Table structure for table `price_snapshot`
--

CREATE TABLE `price_snapshot` (
  `snapshot_id` int NOT NULL,
  `magazine_id` int NOT NULL,
  `product_id` varchar(10) NOT NULL,
  `snapshot_date` date NOT NULL,
  `price` decimal(10,2) NOT NULL,
  `currency` varchar(3) NOT NULL
) ENGINE=InnoDB DEFAULT CHARSET=utf8mb4 COLLATE=utf8mb4_0900_ai_ci;

--
-- Dumping data for table `price_snapshot`
--

INSERT INTO `price_snapshot` (`snapshot_id`, `magazine_id`, `product_id`, `snapshot_date`, `price`, `currency`) VALUES
(1, 1, 'P001', '2025-05-01', 9.90, 'RON'),
(2, 1, 'P002', '2025-05-01', 11.50, 'RON'),
(3, 1, 'P005', '2025-05-01', 13.20, 'RON'),
(4, 1, 'P008', '2025-05-01', 12.80, 'RON'),
(5, 1, 'P011', '2025-05-01', 3.50, 'RON'),
(6, 1, 'P014', '2025-05-01', 6.80, 'RON'),
(7, 1, 'P017', '2025-05-01', 28.50, 'RON'),
(8, 1, 'P020', '2025-05-01', 5.80, 'RON'),
(9, 1, 'P021', '2025-05-01', 4.40, 'RON'),
(10, 1, 'P024', '2025-05-01', 5.20, 'RON'),
(11, 1, 'P026', '2025-05-01', 6.10, 'RON'),
(12, 1, 'P028', '2025-05-01', 9.20, 'RON'),
(13, 1, 'P031', '2025-05-01', 7.10, 'RON'),
(14, 1, 'P034', '2025-05-01', 22.40, 'RON'),
(15, 1, 'P037', '2025-05-01', 49.90, 'RON'),
(16, 1, 'P040', '2025-05-01', 17.80, 'RON'),
(17, 1, 'P043', '2025-05-01', 18.90, 'RON'),
(18, 1, 'P046', '2025-05-01', 6.00, 'RON'),
(19, 1, 'P049', '2025-05-01', 23.50, 'RON'),
(20, 1, 'P052', '2025-05-01', 3.90, 'RON'),
(21, 2, 'P001', '2025-05-01', 12.90, 'RON'),
(22, 2, 'P002', '2025-05-01', 11.50, 'RON'),
(23, 2, 'P005', '2025-05-01', 12.20, 'RON'),
(24, 2, 'P008', '2025-05-01', 12.80, 'RON'),
(25, 2, 'P011', '2025-05-01', 3.50, 'RON'),
(26, 2, 'P014', '2025-05-01', 8.80, 'RON'),
(27, 2, 'P017', '2025-05-01', 26.50, 'RON'),
(28, 2, 'P020', '2025-05-01', 5.80, 'RON'),
(29, 2, 'P021', '2025-05-01', 4.40, 'RON'),
(30, 2, 'P024', '2025-05-01', 5.20, 'RON'),
(31, 2, 'P026', '2025-05-01', 6.10, 'RON'),
(32, 2, 'P028', '2025-05-01', 9.20, 'RON'),
(33, 2, 'P031', '2025-05-01', 7.10, 'RON'),
(34, 2, 'P034', '2025-05-01', 22.40, 'RON'),
(35, 2, 'P037', '2025-05-01', 49.90, 'RON'),
(36, 2, 'P040', '2025-05-01', 17.80, 'RON'),
(37, 2, 'P043', '2025-05-01', 18.90, 'RON'),
(38, 2, 'P046', '2025-05-01', 6.00, 'RON'),
(39, 2, 'P049', '2025-05-01', 23.50, 'RON'),
(40, 2, 'P052', '2025-05-01', 3.90, 'RON'),
(66, 1, 'P001', '2025-05-08', 9.80, 'RON'),
(67, 1, 'P002', '2025-05-08', 11.60, 'RON'),
(68, 1, 'P005', '2025-05-08', 13.10, 'RON'),
(69, 1, 'P008', '2025-05-08', 12.90, 'RON'),
(70, 1, 'P011', '2025-05-08', 3.40, 'RON'),
(71, 1, 'P014', '2025-05-08', 6.90, 'RON'),
(72, 1, 'P017', '2025-05-08', 28.90, 'RON'),
(73, 1, 'P020', '2025-05-08', 5.70, 'RON'),
(74, 1, 'P021', '2025-05-08', 4.30, 'RON'),
(75, 1, 'P024', '2025-05-08', 5.10, 'RON'),
(76, 1, 'P026', '2025-05-08', 6.00, 'RON'),
(77, 1, 'P028', '2025-05-08', 9.30, 'RON'),
(78, 1, 'P031', '2025-05-08', 7.00, 'RON'),
(79, 1, 'P034', '2025-05-08', 22.60, 'RON'),
(80, 1, 'P037', '2025-05-08', 49.50, 'RON'),
(81, 1, 'P040', '2025-05-08', 17.90, 'RON'),
(82, 1, 'P043', '2025-05-08', 18.80, 'RON'),
(83, 1, 'P046', '2025-05-08', 6.05, 'RON'),
(84, 1, 'P049', '2025-05-08', 23.30, 'RON'),
(85, 1, 'P052', '2025-05-08', 3.80, 'RON'),
(86, 1, 'P055', '2025-05-08', 3.00, 'RON'),
(87, 1, 'P057', '2025-05-08', 2.80, 'RON'),
(88, 1, 'P064', '2025-05-08', 5.50, 'RON'),
(89, 1, 'P065', '2025-05-08', 25.00, 'RON'),
(90, 1, 'P066', '2025-05-08', 8.50, 'RON'),
(91, 2, 'P001', '2025-05-08', 13.00, 'RON'),
(92, 2, 'P004', '2025-05-08', 11.40, 'RON'),
(93, 2, 'P007', '2025-05-08', 12.50, 'RON'),
(94, 2, 'P010', '2025-05-08', 12.70, 'RON'),
(95, 2, 'P013', '2025-05-08', 3.60, 'RON'),
(96, 2, 'P016', '2025-05-08', 8.70, 'RON'),
(97, 2, 'P019', '2025-05-08', 26.80, 'RON'),
(98, 2, 'P020', '2025-05-08', 5.90, 'RON'),
(99, 2, 'P023', '2025-05-08', 4.50, 'RON'),
(100, 2, 'P024', '2025-05-08', 5.30, 'RON'),
(101, 2, 'P027', '2025-05-08', 6.15, 'RON'),
(102, 2, 'P030', '2025-05-08', 9.10, 'RON'),
(103, 2, 'P033', '2025-05-08', 7.20, 'RON'),
(104, 2, 'P036', '2025-05-08', 22.00, 'RON'),
(105, 2, 'P039', '2025-05-08', 48.90, 'RON'),
(106, 2, 'P042', '2025-05-08', 17.50, 'RON'),
(107, 2, 'P045', '2025-05-08', 18.50, 'RON'),
(108, 2, 'P048', '2025-05-08', 6.10, 'RON'),
(109, 2, 'P051', '2025-05-08', 23.00, 'RON'),
(110, 2, 'P054', '2025-05-08', 4.00, 'RON'),
(111, 2, 'P059', '2025-05-08', 2.60, 'RON'),
(112, 2, 'P067', '2025-05-08', 8.00, 'RON'),
(113, 2, 'P068', '2025-05-08', 5.00, 'RON'),
(114, 2, 'P069', '2025-05-08', 10.50, 'RON'),
(115, 2, 'P070', '2025-05-08', 3.80, 'RON'),
(116, 3, 'P001', '2025-05-01', 10.10, 'RON'),
(117, 3, 'P003', '2025-05-01', 11.80, 'RON'),
(118, 3, 'P006', '2025-05-01', 13.50, 'RON'),
(119, 3, 'P009', '2025-05-01', 13.10, 'RON'),
(120, 3, 'P012', '2025-05-01', 3.60, 'RON'),
(121, 3, 'P015', '2025-05-01', 7.00, 'RON'),
(122, 3, 'P018', '2025-05-01', 27.90, 'RON'),
(123, 3, 'P020', '2025-05-01', 5.90, 'RON'),
(124, 3, 'P022', '2025-05-01', 4.50, 'RON'),
(125, 3, 'P025', '2025-05-01', 5.30, 'RON'),
(126, 3, 'P027', '2025-05-01', 6.20, 'RON'),
(127, 3, 'P029', '2025-05-01', 9.50, 'RON'),
(128, 3, 'P032', '2025-05-01', 7.50, 'RON'),
(129, 3, 'P035', '2025-05-01', 23.00, 'RON'),
(130, 3, 'P038', '2025-05-01', 50.50, 'RON'),
(131, 3, 'P041', '2025-05-01', 18.00, 'RON'),
(132, 3, 'P044', '2025-05-01', 19.20, 'RON'),
(133, 3, 'P047', '2025-05-01', 6.10, 'RON'),
(134, 3, 'P050', '2025-05-01', 24.00, 'RON'),
(135, 3, 'P053', '2025-05-01', 4.10, 'RON'),
(136, 3, 'P056', '2025-05-01', 3.20, 'RON'),
(137, 3, 'P058', '2025-05-01', 2.90, 'RON'),
(138, 3, 'P059', '2025-05-01', 2.50, 'RON'),
(139, 3, 'P060', '2025-05-01', 7.80, 'RON'),
(140, 3, 'P062', '2025-05-01', 15.00, 'RON'),
(141, 3, 'P001', '2025-05-08', 10.00, 'RON'),
(142, 3, 'P003', '2025-05-08', 11.70, 'RON'),
(143, 3, 'P006', '2025-05-08', 13.60, 'RON'),
(144, 3, 'P009', '2025-05-08', 13.00, 'RON'),
(145, 3, 'P012', '2025-05-08', 3.55, 'RON'),
(146, 3, 'P015', '2025-05-08', 7.10, 'RON'),
(147, 3, 'P018', '2025-05-08', 28.00, 'RON'),
(148, 3, 'P020', '2025-05-08', 5.85, 'RON'),
(149, 3, 'P022', '2025-05-08', 4.45, 'RON'),
(150, 3, 'P025', '2025-05-08', 5.25, 'RON'),
(151, 3, 'P027', '2025-05-08', 6.25, 'RON'),
(152, 3, 'P029', '2025-05-08', 9.60, 'RON'),
(153, 3, 'P032', '2025-05-08', 7.40, 'RON'),
(154, 3, 'P035', '2025-05-08', 23.10, 'RON'),
(155, 3, 'P038', '2025-05-08', 50.80, 'RON'),
(156, 3, 'P041', '2025-05-08', 18.10, 'RON'),
(157, 3, 'P044', '2025-05-08', 19.30, 'RON'),
(158, 3, 'P047', '2025-05-08', 6.15, 'RON'),
(159, 3, 'P050', '2025-05-08', 24.10, 'RON'),
(160, 3, 'P053', '2025-05-08', 4.15, 'RON'),
(161, 3, 'P056', '2025-05-08', 3.10, 'RON'),
(162, 3, 'P058', '2025-05-08', 2.95, 'RON'),
(163, 3, 'P059', '2025-05-08', 2.40, 'RON'),
(164, 3, 'P061', '2025-05-08', 7.60, 'RON'),
(165, 3, 'P063', '2025-05-08', 14.80, 'RON'),
(166, 2, 'P019', '2025-05-01', 26.80, 'RON'),
(169, 3, 'P056', '2025-05-12', 3.54, 'RON'),
(170, 1, 'P034', '2025-05-12', 23.16, 'RON'),
(171, 2, 'P040', '2025-05-12', 18.55, 'RON'),
(172, 2, 'P057', '2025-05-12', 2.41, 'RON'),
(173, 3, 'P039', '2025-05-12', 47.52, 'RON'),
(174, 1, 'P070', '2025-05-12', 3.02, 'RON'),
(175, 2, 'P064', '2025-05-12', 5.90, 'RON'),
(176, 2, 'P019', '2025-05-12', 25.81, 'RON'),
(177, 2, 'P021', '2025-05-12', 4.87, 'RON'),
(178, 3, 'P013', '2025-05-12', 2.45, 'RON'),
(179, 1, 'P023', '2025-05-12', 6.04, 'RON'),
(180, 1, 'P056', '2025-05-12', 3.48, 'RON'),
(181, 2, 'P042', '2025-05-12', 19.26, 'RON'),
(182, 2, 'P052', '2025-05-12', 4.36, 'RON'),
(183, 2, 'P017', '2025-05-12', 30.76, 'RON'),
(184, 1, 'P045', '2025-05-12', 18.91, 'RON'),
(185, 2, 'P020', '2025-05-12', 4.80, 'RON'),
(186, 1, 'P007', '2025-05-12', 11.65, 'RON'),
(187, 3, 'P067', '2025-05-12', 9.83, 'RON'),
(188, 2, 'P024', '2025-05-12', 5.27, 'RON'),
(189, 2, 'P039', '2025-05-12', 47.07, 'RON'),
(190, 3, 'P021', '2025-05-12', 5.02, 'RON'),
(191, 2, 'P027', '2025-05-12', 4.63, 'RON'),
(192, 2, 'P029', '2025-05-12', 10.08, 'RON'),
(193, 1, 'P062', '2025-05-12', 15.05, 'RON'),
(194, 3, 'P034', '2025-05-12', 21.79, 'RON'),
(195, 1, 'P069', '2025-05-12', 10.72, 'RON'),
(196, 3, 'P047', '2025-05-12', 7.58, 'RON'),
(197, 3, 'P029', '2025-05-12', 11.75, 'RON'),
(198, 3, 'P048', '2025-05-12', 4.33, 'RON'),
(199, 1, 'P053', '2025-05-12', 3.30, 'RON'),
(200, 2, 'P022', '2025-05-12', 6.05, 'RON'),
(201, 3, 'P054', '2025-05-12', 5.75, 'RON'),
(202, 2, 'P069', '2025-05-12', 10.07, 'RON'),
(203, 3, 'P014', '2025-05-12', 7.51, 'RON'),
(204, 3, 'P059', '2025-05-12', 4.32, 'RON'),
(205, 1, 'P054', '2025-05-12', 4.35, 'RON'),
(206, 2, 'P005', '2025-05-12', 11.80, 'RON'),
(207, 1, 'P047', '2025-05-12', 8.85, 'RON'),
(209, 1, 'P006', '2025-05-12', 11.73, 'RON'),
(210, 1, 'P013', '2025-05-12', 4.11, 'RON'),
(211, 1, 'P017', '2025-05-12', 29.30, 'RON'),
(212, 2, 'P011', '2025-05-12', 2.83, 'RON'),
(213, 3, 'P052', '2025-05-12', 5.36, 'RON'),
(214, 2, 'P035', '2025-05-12', 22.89, 'RON'),
(215, 3, 'P023', '2025-05-12', 6.21, 'RON'),
(216, 1, 'P008', '2025-05-12', 10.94, 'RON'),
(217, 2, 'P038', '2025-05-12', 51.52, 'RON'),
(218, 2, 'P016', '2025-05-12', 8.46, 'RON'),
(219, 1, 'P022', '2025-05-12', 6.87, 'RON'),
(220, 2, 'P034', '2025-05-12', 23.37, 'RON'),
(221, 2, 'P004', '2025-05-12', 11.72, 'RON'),
(222, 1, 'P042', '2025-05-12', 20.74, 'RON'),
(223, 2, 'P041', '2025-05-12', 16.88, 'RON'),
(224, 2, 'P014', '2025-05-12', 5.91, 'RON'),
(225, 1, 'P011', '2025-05-12', 3.48, 'RON'),
(226, 1, 'P035', '2025-05-12', 22.35, 'RON'),
(227, 3, 'P063', '2025-05-12', 15.32, 'RON'),
(228, 2, 'P044', '2025-05-12', 19.95, 'RON'),
(229, 3, 'P022', '2025-05-12', 4.79, 'RON'),
(230, 2, 'P026', '2025-05-12', 7.37, 'RON'),
(231, 3, 'P004', '2025-05-12', 10.79, 'RON'),
(232, 2, 'P010', '2025-05-12', 10.86, 'RON'),
(233, 1, 'P033', '2025-05-12', 6.25, 'RON'),
(234, 1, 'P032', '2025-05-12', 6.59, 'RON'),
(235, 3, 'P040', '2025-05-12', 17.86, 'RON'),
(236, 1, 'P048', '2025-05-12', 2.71, 'RON'),
(237, 1, 'P061', '2025-05-12', 7.44, 'RON'),
(238, 1, 'P005', '2025-05-12', 10.00, 'RON'),
(239, 1, 'P058', '2025-05-12', 3.48, 'RON'),
(240, 3, 'P005', '2025-05-12', 10.78, 'RON'),
(241, 2, 'P001', '2025-05-12', 9.79, 'RON'),
(242, 1, 'P015', '2025-05-12', 5.81, 'RON'),
(243, 3, 'P015', '2025-05-12', 5.22, 'RON'),
(244, 1, 'P048', '2025-05-19', 2.64, 'RON'),
(245, 2, 'P059', '2025-05-19', 4.30, 'RON'),
(246, 2, 'P013', '2025-05-19', 0.84, 'RON'),
(247, 3, 'P068', '2025-05-19', 6.16, 'RON'),
(248, 1, 'P005', '2025-05-19', 13.03, 'RON'),
(249, 3, 'P050', '2025-05-19', 22.54, 'RON'),
(250, 2, 'P017', '2025-05-19', 30.03, 'RON'),
(251, 3, 'P044', '2025-05-19', 18.56, 'RON'),
(252, 2, 'P050', '2025-05-19', 23.01, 'RON'),
(253, 2, 'P011', '2025-05-19', 2.75, 'RON'),
(254, 2, 'P060', '2025-05-19', 8.67, 'RON'),
(255, 2, 'P024', '2025-05-19', 6.02, 'RON'),
(256, 3, 'P045', '2025-05-19', 17.64, 'RON'),
(257, 1, 'P027', '2025-05-19', 6.14, 'RON'),
(258, 1, 'P023', '2025-05-19', 5.54, 'RON'),
(259, 3, 'P054', '2025-05-19', 6.36, 'RON'),
(260, 1, 'P046', '2025-05-19', 5.04, 'RON'),
(261, 3, 'P037', '2025-05-19', 49.18, 'RON'),
(262, 3, 'P006', '2025-05-19', 13.49, 'RON'),
(263, 1, 'P043', '2025-05-19', 18.63, 'RON'),
(264, 2, 'P053', '2025-05-19', 3.36, 'RON'),
(265, 1, 'P034', '2025-05-19', 22.63, 'RON'),
(266, 2, 'P068', '2025-05-19', 4.95, 'RON'),
(267, 3, 'P004', '2025-05-19', 10.88, 'RON'),
(268, 3, 'P058', '2025-05-19', 3.96, 'RON'),
(269, 2, 'P004', '2025-05-19', 9.07, 'RON'),
(270, 1, 'P017', '2025-05-19', 30.35, 'RON'),
(271, 2, 'P016', '2025-05-19', 9.81, 'RON'),
(272, 2, 'P070', '2025-05-19', 2.14, 'RON'),
(273, 2, 'P065', '2025-05-19', 25.22, 'RON'),
(274, 1, 'P014', '2025-05-19', 5.67, 'RON'),
(275, 3, 'P034', '2025-05-19', 24.48, 'RON'),
(276, 1, 'P010', '2025-05-19', 9.14, 'RON'),
(277, 3, 'P008', '2025-05-19', 12.73, 'RON'),
(278, 3, 'P022', '2025-05-19', 5.91, 'RON'),
(279, 3, 'P028', '2025-05-19', 10.45, 'RON'),
(280, 1, 'P012', '2025-05-19', 2.08, 'RON'),
(281, 2, 'P008', '2025-05-19', 12.74, 'RON'),
(282, 3, 'P062', '2025-05-19', 13.87, 'RON'),
(283, 1, 'P004', '2025-05-19', 8.91, 'RON'),
(284, 2, 'P032', '2025-05-19', 8.50, 'RON'),
(285, 1, 'P044', '2025-05-19', 18.63, 'RON'),
(286, 3, 'P038', '2025-05-19', 51.63, 'RON'),
(287, 1, 'P019', '2025-05-19', 26.39, 'RON'),
(288, 2, 'P040', '2025-05-19', 16.96, 'RON'),
(289, 1, 'P042', '2025-05-19', 18.25, 'RON'),
(290, 1, 'P062', '2025-05-19', 14.36, 'RON'),
(291, 1, 'P011', '2025-05-19', 0.76, 'RON'),
(292, 1, 'P002', '2025-05-19', 9.99, 'RON'),
(293, 1, 'P067', '2025-05-19', 9.20, 'RON'),
(294, 2, 'P003', '2025-05-19', 9.93, 'RON'),
(295, 3, 'P007', '2025-05-19', 10.73, 'RON'),
(296, 2, 'P067', '2025-05-19', 7.56, 'RON'),
(297, 2, 'P054', '2025-05-19', 6.62, 'RON'),
(298, 1, 'P068', '2025-05-19', 7.35, 'RON'),
(299, 3, 'P035', '2025-05-19', 21.04, 'RON'),
(300, 3, 'P025', '2025-05-19', 6.46, 'RON'),
(301, 3, 'P002', '2025-05-19', 8.63, 'RON'),
(302, 2, 'P022', '2025-05-19', 4.35, 'RON'),
(303, 2, 'P055', '2025-05-19', 3.40, 'RON'),
(304, 1, 'P040', '2025-05-19', 15.05, 'RON'),
(305, 3, 'P039', '2025-05-19', 48.13, 'RON'),
(306, 1, 'P022', '2025-05-19', 4.59, 'RON'),
(307, 3, 'P012', '2025-05-19', 3.38, 'RON'),
(308, 3, 'P009', '2025-05-19', 11.74, 'RON'),
(309, 1, 'P065', '2025-05-19', 24.74, 'RON'),
(310, 2, 'P030', '2025-05-19', 9.43, 'RON'),
(311, 1, 'P026', '2025-05-19', 7.42, 'RON'),
(312, 2, 'P063', '2025-05-19', 14.96, 'RON'),
(313, 3, 'P040', '2025-05-19', 13.46, 'RON'),
(314, 2, 'P057', '2025-05-19', 3.68, 'RON'),
(315, 1, 'P006', '2025-05-19', 15.24, 'RON'),
(316, 1, 'P015', '2025-05-19', 7.33, 'RON'),
(317, 1, 'P021', '2025-05-19', 5.48, 'RON'),
(318, 2, 'P026', '2025-05-19', 5.43, 'RON'),
(319, 3, 'P003', '2025-05-19', 10.92, 'RON'),
(320, 2, 'P012', '2025-05-19', 0.95, 'RON'),
(321, 1, 'P007', '2025-05-19', 11.54, 'RON'),
(322, 2, 'P035', '2025-05-19', 19.12, 'RON'),
(323, 1, 'P060', '2025-05-19', 7.62, 'RON'),
(324, 2, 'P027', '2025-05-19', 8.00, 'RON'),
(325, 1, 'P047', '2025-05-19', 6.31, 'RON'),
(326, 1, 'P004', '2025-05-26', 11.85, 'RON'),
(327, 2, 'P055', '2025-05-26', 4.67, 'RON'),
(328, 3, 'P015', '2025-05-26', 8.08, 'RON'),
(329, 3, 'P008', '2025-05-26', 12.88, 'RON'),
(330, 3, 'P031', '2025-05-26', 7.84, 'RON'),
(331, 3, 'P010', '2025-05-26', 11.05, 'RON'),
(332, 2, 'P022', '2025-05-26', 6.18, 'RON'),
(333, 2, 'P050', '2025-05-26', 22.99, 'RON'),
(334, 2, 'P043', '2025-05-26', 20.36, 'RON'),
(335, 2, 'P015', '2025-05-26', 6.67, 'RON'),
(336, 3, 'P063', '2025-05-26', 14.84, 'RON'),
(337, 3, 'P056', '2025-05-26', 4.59, 'RON'),
(338, 3, 'P021', '2025-05-26', 3.63, 'RON'),
(339, 1, 'P024', '2025-05-26', 7.41, 'RON'),
(340, 1, 'P015', '2025-05-26', 6.79, 'RON'),
(341, 1, 'P059', '2025-05-26', 5.54, 'RON'),
(342, 3, 'P009', '2025-05-26', 10.39, 'RON'),
(343, 3, 'P046', '2025-05-26', 3.92, 'RON'),
(344, 1, 'P067', '2025-05-26', 8.93, 'RON'),
(345, 1, 'P045', '2025-05-26', 16.16, 'RON'),
(346, 3, 'P026', '2025-05-26', 4.11, 'RON'),
(347, 1, 'P025', '2025-05-26', 7.99, 'RON'),
(348, 3, 'P043', '2025-05-26', 21.27, 'RON'),
(349, 2, 'P064', '2025-05-26', 5.78, 'RON'),
(350, 1, 'P060', '2025-05-26', 7.27, 'RON'),
(351, 3, 'P066', '2025-05-26', 8.97, 'RON'),
(352, 3, 'P055', '2025-05-26', 6.61, 'RON'),
(353, 1, 'P027', '2025-05-26', 6.56, 'RON'),
(354, 1, 'P012', '2025-05-26', 1.94, 'RON'),
(355, 1, 'P032', '2025-05-26', 8.27, 'RON'),
(356, 1, 'P006', '2025-05-26', 13.69, 'RON'),
(357, 1, 'P065', '2025-05-26', 25.93, 'RON'),
(358, 3, 'P018', '2025-05-26', 27.55, 'RON'),
(359, 3, 'P054', '2025-05-26', 6.33, 'RON'),
(360, 3, 'P042', '2025-05-26', 16.76, 'RON'),
(361, 1, 'P016', '2025-05-26', 8.90, 'RON'),
(362, 2, 'P039', '2025-05-26', 46.43, 'RON'),
(363, 2, 'P033', '2025-05-26', 7.44, 'RON'),
(364, 1, 'P048', '2025-05-26', 2.64, 'RON'),
(365, 2, 'P026', '2025-05-26', 3.55, 'RON'),
(366, 2, 'P029', '2025-05-26', 9.86, 'RON'),
(367, 3, 'P012', '2025-05-26', 1.51, 'RON'),
(368, 1, 'P026', '2025-05-26', 2.31, 'RON'),
(369, 1, 'P044', '2025-05-26', 18.31, 'RON'),
(370, 2, 'P019', '2025-05-26', 24.81, 'RON'),
(371, 3, 'P017', '2025-05-26', 28.92, 'RON'),
(372, 2, 'P034', '2025-05-26', 26.01, 'RON'),
(373, 1, 'P041', '2025-05-26', 16.80, 'RON'),
(374, 2, 'P007', '2025-05-26', 12.28, 'RON'),
(375, 3, 'P033', '2025-05-26', 8.99, 'RON'),
(376, 1, 'P070', '2025-05-26', 0.72, 'RON'),
(377, 2, 'P011', '2025-05-26', 0.08, 'RON'),
(378, 2, 'P054', '2025-05-26', 6.14, 'RON'),
(379, 1, 'P003', '2025-05-26', 11.86, 'RON'),
(380, 1, 'P023', '2025-05-26', 7.25, 'RON'),
(381, 2, 'P051', '2025-05-26', 23.82, 'RON'),
(382, 2, 'P036', '2025-05-26', 22.89, 'RON'),
(383, 1, 'P068', '2025-05-26', 8.83, 'RON'),
(384, 1, 'P064', '2025-05-26', 4.96, 'RON'),
(385, 3, 'P003', '2025-05-26', 12.77, 'RON'),
(386, 2, 'P023', '2025-05-26', 6.01, 'RON'),
(387, 2, 'P012', '2025-05-26', 1.51, 'RON'),
(388, 2, 'P010', '2025-05-26', 12.38, 'RON'),
(389, 3, 'P020', '2025-05-26', 6.37, 'RON'),
(390, 2, 'P049', '2025-05-26', 21.46, 'RON'),
(391, 1, 'P053', '2025-05-26', 3.75, 'RON'),
(392, 2, 'P027', '2025-05-26', 6.46, 'RON'),
(393, 3, 'P001', '2025-05-26', 9.78, 'RON'),
(394, 3, 'P035', '2025-05-26', 19.08, 'RON'),
(395, 2, 'P062', '2025-05-26', 14.75, 'RON'),
(396, 3, 'P030', '2025-05-26', 7.84, 'RON'),
(397, 3, 'P016', '2025-05-26', 10.25, 'RON'),
(398, 1, 'P051', '2025-05-26', 24.49, 'RON'),
(399, 1, 'P049', '2025-05-26', 21.01, 'RON'),
(400, 3, 'P034', '2025-05-26', 24.89, 'RON'),
(401, 2, 'P020', '2025-05-26', 6.59, 'RON'),
(402, 2, 'P018', '2025-05-26', 25.90, 'RON'),
(403, 1, 'P043', '2025-05-26', 20.63, 'RON'),
(404, 3, 'P005', '2025-05-26', 11.38, 'RON'),
(405, 1, 'P028', '2025-05-26', 10.63, 'RON'),
(406, 3, 'P062', '2025-05-26', 12.94, 'RON'),
(407, 1, 'P010', '2025-05-26', 10.67, 'RON'),
(408, 2, 'P017', '2025-05-26', 28.36, 'RON'),
(409, 1, 'P025', '2025-06-02', 7.33, 'RON'),
(410, 1, 'P011', '2025-06-02', 0.08, 'RON'),
(411, 3, 'P006', '2025-06-02', 13.53, 'RON'),
(412, 3, 'P028', '2025-06-02', 11.96, 'RON'),
(413, 3, 'P041', '2025-06-02', 18.69, 'RON'),
(414, 2, 'P018', '2025-06-02', 26.64, 'RON'),
(415, 1, 'P041', '2025-06-02', 19.06, 'RON'),
(416, 3, 'P059', '2025-06-02', 6.39, 'RON'),
(417, 2, 'P048', '2025-06-02', 3.41, 'RON'),
(418, 3, 'P062', '2025-06-02', 14.64, 'RON'),
(419, 2, 'P039', '2025-06-02', 47.52, 'RON'),
(420, 3, 'P001', '2025-06-02', 11.13, 'RON'),
(421, 3, 'P031', '2025-06-02', 6.42, 'RON'),
(422, 3, 'P058', '2025-06-02', 4.17, 'RON'),
(423, 2, 'P025', '2025-06-02', 7.25, 'RON'),
(424, 3, 'P068', '2025-06-02', 7.33, 'RON'),
(425, 2, 'P013', '2025-06-02', 1.00, 'RON'),
(426, 3, 'P027', '2025-06-02', 8.05, 'RON'),
(427, 3, 'P012', '2025-06-02', 0.21, 'RON'),
(428, 1, 'P014', '2025-06-02', 5.01, 'RON'),
(429, 1, 'P049', '2025-06-02', 20.97, 'RON'),
(430, 1, 'P023', '2025-06-02', 6.62, 'RON'),
(431, 2, 'P062', '2025-06-02', 16.08, 'RON'),
(432, 2, 'P006', '2025-06-02', 13.97, 'RON'),
(433, 3, 'P021', '2025-06-02', 2.23, 'RON'),
(434, 2, 'P068', '2025-06-02', 5.56, 'RON'),
(435, 2, 'P007', '2025-06-02', 11.56, 'RON'),
(436, 3, 'P037', '2025-06-02', 48.96, 'RON'),
(437, 1, 'P010', '2025-06-02', 10.50, 'RON'),
(438, 3, 'P029', '2025-06-02', 10.88, 'RON'),
(439, 3, 'P003', '2025-06-02', 13.92, 'RON'),
(440, 2, 'P015', '2025-06-02', 8.40, 'RON'),
(441, 3, 'P025', '2025-06-02', 8.36, 'RON'),
(442, 2, 'P011', '2025-06-02', 0.08, 'RON'),
(443, 2, 'P005', '2025-06-02', 9.60, 'RON'),
(444, 3, 'P010', '2025-06-02', 10.83, 'RON'),
(445, 3, 'P039', '2025-06-02', 46.73, 'RON'),
(446, 1, 'P052', '2025-06-02', 5.84, 'RON'),
(447, 2, 'P037', '2025-06-02', 50.07, 'RON'),
(448, 3, 'P026', '2025-06-02', 5.61, 'RON'),
(449, 1, 'P037', '2025-06-02', 47.65, 'RON'),
(450, 1, 'P004', '2025-06-02', 13.50, 'RON'),
(451, 3, 'P008', '2025-06-02', 11.74, 'RON'),
(452, 2, 'P014', '2025-06-02', 3.31, 'RON'),
(453, 2, 'P021', '2025-06-02', 2.75, 'RON'),
(454, 3, 'P020', '2025-06-02', 6.59, 'RON'),
(455, 1, 'P026', '2025-06-02', 6.61, 'RON'),
(456, 1, 'P024', '2025-06-02', 8.04, 'RON'),
(457, 2, 'P060', '2025-06-02', 8.79, 'RON'),
(458, 3, 'P047', '2025-06-02', 8.14, 'RON'),
(459, 2, 'P022', '2025-06-02', 4.44, 'RON'),
(460, 1, 'P013', '2025-06-02', 1.00, 'RON'),
(461, 1, 'P029', '2025-06-02', 12.30, 'RON'),
(462, 2, 'P030', '2025-06-02', 7.72, 'RON'),
(463, 3, 'P044', '2025-06-02', 18.53, 'RON'),
(464, 2, 'P024', '2025-06-02', 8.84, 'RON'),
(465, 2, 'P012', '2025-06-02', 0.43, 'RON'),
(466, 1, 'P015', '2025-06-02', 9.81, 'RON'),
(467, 1, 'P050', '2025-06-02', 23.81, 'RON'),
(468, 1, 'P021', '2025-06-02', 2.69, 'RON'),
(469, 3, 'P033', '2025-06-02', 8.91, 'RON'),
(470, 3, 'P016', '2025-06-02', 11.71, 'RON'),
(471, 2, 'P051', '2025-06-02', 24.80, 'RON'),
(472, 1, 'P036', '2025-06-02', 23.57, 'RON'),
(473, 1, 'P066', '2025-06-02', 8.66, 'RON'),
(474, 1, 'P003', '2025-06-02', 14.36, 'RON'),
(475, 3, 'P052', '2025-06-02', 3.84, 'RON'),
(476, 2, 'P002', '2025-06-02', 11.68, 'RON'),
(477, 3, 'P034', '2025-06-02', 25.35, 'RON'),
(478, 2, 'P010', '2025-06-02', 9.99, 'RON'),
(479, 1, 'P048', '2025-06-02', 1.85, 'RON'),
(480, 2, 'P027', '2025-06-02', 9.43, 'RON'),
(481, 3, 'P040', '2025-06-02', 12.89, 'RON'),
(482, 2, 'P049', '2025-06-02', 21.90, 'RON'),
(483, 3, 'P051', '2025-06-02', 23.93, 'RON'),
(484, 3, 'P022', '2025-06-02', 3.79, 'RON'),
(485, 1, 'P045', '2025-06-02', 16.71, 'RON'),
(486, 3, 'P017', '2025-06-02', 30.57, 'RON'),
(487, 3, 'P014', '2025-06-02', 4.04, 'RON'),
(488, 1, 'P009', '2025-06-02', 10.53, 'RON'),
(489, 3, 'P043', '2025-06-02', 22.60, 'RON'),
(490, 3, 'P024', '2025-06-02', 7.18, 'RON'),
(491, 2, 'P047', '2025-06-02', 8.18, 'RON'),
(492, 3, 'P049', '2025-06-02', 21.50, 'RON'),
(493, 3, 'P047', '2025-06-09', 6.99, 'RON'),
(494, 1, 'P036', '2025-06-09', 22.16, 'RON'),
(495, 1, 'P055', '2025-06-09', 4.71, 'RON'),
(496, 2, 'P022', '2025-06-09', 4.31, 'RON'),
(497, 3, 'P039', '2025-06-09', 48.38, 'RON'),
(498, 2, 'P052', '2025-06-09', 2.46, 'RON'),
(499, 1, 'P023', '2025-06-09', 4.90, 'RON'),
(500, 3, 'P029', '2025-06-09', 9.87, 'RON'),
(501, 2, 'P066', '2025-06-09', 8.23, 'RON'),
(502, 1, 'P065', '2025-06-09', 26.17, 'RON'),
(503, 3, 'P065', '2025-06-09', 24.77, 'RON'),
(504, 2, 'P010', '2025-06-09', 11.14, 'RON'),
(505, 2, 'P017', '2025-06-09', 30.50, 'RON'),
(506, 2, 'P041', '2025-06-09', 18.69, 'RON'),
(507, 2, 'P054', '2025-06-09', 7.39, 'RON'),
(508, 1, 'P051', '2025-06-09', 23.48, 'RON'),
(509, 3, 'P024', '2025-06-09', 6.33, 'RON'),
(510, 1, 'P028', '2025-06-09', 13.74, 'RON'),
(511, 2, 'P004', '2025-06-09', 15.16, 'RON'),
(512, 2, 'P014', '2025-06-09', 4.96, 'RON'),
(513, 2, 'P049', '2025-06-09', 23.13, 'RON'),
(514, 2, 'P007', '2025-06-09', 10.72, 'RON'),
(515, 2, 'P024', '2025-06-09', 4.96, 'RON'),
(516, 1, 'P047', '2025-06-09', 6.73, 'RON'),
(517, 1, 'P066', '2025-06-09', 8.86, 'RON'),
(518, 1, 'P033', '2025-06-09', 7.16, 'RON'),
(519, 2, 'P061', '2025-06-09', 9.38, 'RON'),
(520, 1, 'P017', '2025-06-09', 30.75, 'RON'),
(521, 2, 'P023', '2025-06-09', 5.27, 'RON'),
(522, 2, 'P020', '2025-06-09', 7.12, 'RON'),
(523, 1, 'P004', '2025-06-09', 14.33, 'RON'),
(524, 1, 'P040', '2025-06-09', 14.84, 'RON'),
(525, 3, 'P045', '2025-06-09', 17.26, 'RON'),
(526, 2, 'P068', '2025-06-09', 4.60, 'RON'),
(527, 3, 'P059', '2025-06-09', 6.47, 'RON'),
(528, 1, 'P052', '2025-06-09', 3.09, 'RON'),
(529, 2, 'P046', '2025-06-09', 3.48, 'RON'),
(530, 2, 'P051', '2025-06-09', 22.30, 'RON'),
(531, 3, 'P013', '2025-06-09', 2.93, 'RON'),
(532, 2, 'P039', '2025-06-09', 48.78, 'RON'),
(533, 2, 'P027', '2025-06-09', 8.29, 'RON'),
(534, 2, 'P048', '2025-06-09', 1.93, 'RON'),
(535, 3, 'P026', '2025-06-09', 6.72, 'RON'),
(536, 3, 'P037', '2025-06-09', 48.72, 'RON'),
(537, 3, 'P058', '2025-06-09', 3.81, 'RON'),
(538, 3, 'P069', '2025-06-09', 12.46, 'RON'),
(539, 1, 'P063', '2025-06-09', 15.06, 'RON'),
(540, 2, 'P025', '2025-06-09', 8.36, 'RON'),
(541, 2, 'P050', '2025-06-09', 23.20, 'RON'),
(542, 1, 'P026', '2025-06-09', 7.10, 'RON'),
(543, 1, 'P029', '2025-06-09', 9.31, 'RON'),
(544, 1, 'P006', '2025-06-09', 13.22, 'RON'),
(545, 1, 'P031', '2025-06-09', 4.56, 'RON'),
(546, 3, 'P051', '2025-06-09', 22.07, 'RON'),
(547, 3, 'P068', '2025-06-09', 5.18, 'RON'),
(548, 2, 'P009', '2025-06-09', 11.78, 'RON'),
(549, 3, 'P061', '2025-06-09', 10.28, 'RON'),
(550, 2, 'P053', '2025-06-09', 5.53, 'RON'),
(551, 3, 'P040', '2025-06-09', 15.27, 'RON'),
(552, 3, 'P048', '2025-06-09', 3.25, 'RON'),
(553, 1, 'P058', '2025-06-09', 4.49, 'RON'),
(554, 1, 'P010', '2025-06-09', 12.87, 'RON'),
(555, 3, 'P020', '2025-06-09', 6.65, 'RON'),
(556, 3, 'P063', '2025-06-09', 14.24, 'RON'),
(557, 2, 'P011', '2025-06-09', 0.95, 'RON'),
(558, 1, 'P007', '2025-06-09', 10.77, 'RON'),
(559, 2, 'P012', '2025-06-09', 1.94, 'RON'),
(560, 3, 'P025', '2025-06-09', 9.21, 'RON'),
(561, 3, 'P055', '2025-06-09', 4.51, 'RON'),
(562, 2, 'P008', '2025-06-09', 13.31, 'RON'),
(563, 2, 'P047', '2025-06-09', 8.25, 'RON'),
(564, 2, 'P067', '2025-06-09', 9.16, 'RON'),
(565, 1, 'P044', '2025-06-09', 17.86, 'RON'),
(566, 3, 'P030', '2025-06-09', 7.55, 'RON'),
(567, 1, 'P067', '2025-06-09', 9.37, 'RON'),
(568, 1, 'P034', '2025-06-09', 23.78, 'RON'),
(569, 1, 'P049', '2025-06-09', 23.24, 'RON'),
(570, 3, 'P028', '2025-06-09', 14.01, 'RON'),
(571, 1, 'P056', '2025-06-09', 4.97, 'RON'),
(572, 3, 'P023', '2025-06-09', 3.86, 'RON'),
(573, 2, 'P031', '2025-06-16', 4.68, 'RON'),
(574, 1, 'P061', '2025-06-16', 10.51, 'RON'),
(575, 2, 'P017', '2025-06-16', 28.74, 'RON'),
(576, 2, 'P057', '2025-06-16', 2.24, 'RON'),
(577, 2, 'P011', '2025-06-16', 0.95, 'RON'),
(578, 2, 'P037', '2025-06-16', 46.77, 'RON'),
(579, 3, 'P044', '2025-06-16', 16.33, 'RON'),
(580, 2, 'P003', '2025-06-16', 15.49, 'RON'),
(581, 3, 'P045', '2025-06-16', 15.64, 'RON'),
(582, 2, 'P023', '2025-06-16', 1.97, 'RON'),
(583, 3, 'P056', '2025-06-16', 4.56, 'RON'),
(584, 1, 'P013', '2025-06-16', 3.36, 'RON'),
(585, 2, 'P036', '2025-06-16', 22.61, 'RON'),
(586, 3, 'P070', '2025-06-16', 0.72, 'RON'),
(587, 2, 'P056', '2025-06-16', 3.33, 'RON'),
(588, 3, 'P047', '2025-06-16', 9.39, 'RON'),
(589, 3, 'P067', '2025-06-16', 7.63, 'RON'),
(590, 3, 'P060', '2025-06-16', 8.87, 'RON'),
(591, 2, 'P058', '2025-06-16', 4.12, 'RON'),
(592, 3, 'P026', '2025-06-16', 7.37, 'RON'),
(593, 1, 'P016', '2025-06-16', 11.53, 'RON'),
(594, 1, 'P001', '2025-06-16', 10.47, 'RON'),
(595, 2, 'P030', '2025-06-16', 7.49, 'RON'),
(596, 2, 'P061', '2025-06-16', 10.48, 'RON'),
(597, 3, 'P005', '2025-06-16', 9.23, 'RON'),
(598, 3, 'P021', '2025-06-16', 1.56, 'RON'),
(599, 2, 'P052', '2025-06-16', 3.20, 'RON'),
(600, 1, 'P059', '2025-06-16', 5.28, 'RON'),
(601, 1, 'P009', '2025-06-16', 12.32, 'RON'),
(602, 2, 'P046', '2025-06-16', 3.31, 'RON'),
(603, 3, 'P002', '2025-06-16', 12.09, 'RON'),
(604, 1, 'P014', '2025-06-16', 4.63, 'RON'),
(605, 3, 'P065', '2025-06-16', 22.79, 'RON'),
(606, 2, 'P070', '2025-06-16', 0.93, 'RON'),
(607, 3, 'P025', '2025-06-16', 9.29, 'RON'),
(608, 1, 'P004', '2025-06-16', 14.78, 'RON'),
(609, 3, 'P031', '2025-06-16', 4.30, 'RON'),
(610, 1, 'P067', '2025-06-16', 6.97, 'RON'),
(611, 2, 'P001', '2025-06-16', 12.05, 'RON'),
(612, 1, 'P029', '2025-06-16', 10.15, 'RON'),
(613, 2, 'P016', '2025-06-16', 11.25, 'RON'),
(614, 3, 'P001', '2025-06-16', 11.77, 'RON'),
(615, 3, 'P033', '2025-06-16', 7.97, 'RON'),
(616, 1, 'P057', '2025-06-16', 2.45, 'RON'),
(617, 2, 'P014', '2025-06-16', 3.34, 'RON'),
(618, 2, 'P024', '2025-06-16', 6.67, 'RON'),
(619, 1, 'P025', '2025-06-16', 8.56, 'RON'),
(620, 3, 'P027', '2025-06-16', 8.82, 'RON'),
(621, 1, 'P010', '2025-06-16', 12.60, 'RON'),
(622, 1, 'P058', '2025-06-16', 5.44, 'RON'),
(623, 3, 'P036', '2025-06-16', 22.88, 'RON'),
(624, 2, 'P060', '2025-06-16', 7.05, 'RON'),
(625, 3, 'P046', '2025-06-16', 1.33, 'RON'),
(626, 2, 'P025', '2025-06-16', 10.57, 'RON'),
(627, 2, 'P019', '2025-06-16', 25.60, 'RON'),
(628, 2, 'P005', '2025-06-16', 8.14, 'RON'),
(629, 3, 'P007', '2025-06-16', 11.61, 'RON'),
(630, 1, 'P056', '2025-06-16', 1.56, 'RON'),
(631, 3, 'P068', '2025-06-16', 3.11, 'RON'),
(632, 3, 'P012', '2025-06-16', 0.85, 'RON'),
(633, 1, 'P033', '2025-06-16', 8.54, 'RON'),
(634, 2, 'P010', '2025-06-16', 14.27, 'RON'),
(635, 3, 'P062', '2025-06-16', 13.15, 'RON'),
(636, 2, 'P026', '2025-06-16', 6.16, 'RON'),
(637, 1, 'P065', '2025-06-16', 21.08, 'RON'),
(638, 2, 'P029', '2025-06-16', 9.85, 'RON'),
(639, 3, 'P040', '2025-06-16', 14.62, 'RON'),
(640, 3, 'P048', '2025-06-16', 3.52, 'RON'),
(641, 3, 'P035', '2025-06-16', 17.92, 'RON'),
(642, 1, 'P035', '2025-06-16', 16.15, 'RON'),
(643, 1, 'P036', '2025-06-16', 21.64, 'RON'),
(644, 1, 'P031', '2025-06-16', 4.91, 'RON'),
(645, 3, 'P032', '2025-06-16', 9.57, 'RON'),
(646, 1, 'P030', '2025-06-16', 5.97, 'RON'),
(647, 1, 'P064', '2025-06-16', 3.83, 'RON'),
(648, 2, 'P002', '2025-06-16', 10.29, 'RON'),
(649, 2, 'P050', '2025-06-16', 25.03, 'RON'),
(650, 3, 'P019', '2025-06-16', 26.14, 'RON'),
(651, 1, 'P052', '2025-06-16', 3.02, 'RON'),
(652, 1, 'P009', '2025-06-23', 12.37, 'RON'),
(653, 3, 'P008', '2025-06-23', 14.11, 'RON'),
(654, 1, 'P004', '2025-06-23', 15.61, 'RON'),
(655, 2, 'P036', '2025-06-23', 22.47, 'RON'),
(656, 2, 'P039', '2025-06-23', 49.42, 'RON'),
(657, 2, 'P056', '2025-06-23', 1.56, 'RON'),
(658, 1, 'P026', '2025-06-23', 7.33, 'RON'),
(659, 1, 'P048', '2025-06-23', 4.34, 'RON'),
(660, 1, 'P036', '2025-06-23', 21.41, 'RON'),
(661, 2, 'P062', '2025-06-23', 13.46, 'RON'),
(662, 2, 'P017', '2025-06-23', 28.52, 'RON'),
(663, 3, 'P038', '2025-06-23', 55.30, 'RON'),
(664, 1, 'P002', '2025-06-23', 13.36, 'RON'),
(665, 1, 'P014', '2025-06-23', 5.62, 'RON'),
(666, 1, 'P020', '2025-06-23', 8.11, 'RON'),
(667, 3, 'P057', '2025-06-23', 3.68, 'RON'),
(668, 2, 'P010', '2025-06-23', 10.97, 'RON'),
(669, 1, 'P033', '2025-06-23', 9.78, 'RON'),
(670, 2, 'P012', '2025-06-23', 1.22, 'RON'),
(671, 3, 'P053', '2025-06-23', 3.57, 'RON'),
(672, 2, 'P049', '2025-06-23', 24.93, 'RON'),
(673, 2, 'P035', '2025-06-23', 17.45, 'RON'),
(674, 1, 'P041', '2025-06-23', 19.36, 'RON'),
(675, 3, 'P044', '2025-06-23', 16.51, 'RON'),
(676, 2, 'P026', '2025-06-23', 7.93, 'RON'),
(677, 1, 'P049', '2025-06-23', 26.67, 'RON'),
(678, 2, 'P059', '2025-06-23', 4.93, 'RON'),
(679, 3, 'P046', '2025-06-23', 1.70, 'RON'),
(680, 2, 'P070', '2025-06-23', 1.04, 'RON'),
(681, 2, 'P031', '2025-06-23', 6.45, 'RON'),
(682, 2, 'P015', '2025-06-23', 9.93, 'RON'),
(683, 1, 'P044', '2025-06-23', 14.95, 'RON'),
(684, 3, 'P010', '2025-06-23', 11.17, 'RON'),
(685, 2, 'P042', '2025-06-23', 15.09, 'RON'),
(686, 1, 'P061', '2025-06-23', 12.21, 'RON'),
(687, 3, 'P026', '2025-06-23', 9.27, 'RON'),
(688, 3, 'P042', '2025-06-23', 13.18, 'RON'),
(689, 2, 'P063', '2025-06-23', 15.89, 'RON'),
(690, 1, 'P057', '2025-06-23', 3.19, 'RON'),
(691, 2, 'P022', '2025-06-23', 3.99, 'RON'),
(692, 3, 'P049', '2025-06-23', 25.92, 'RON'),
(693, 3, 'P019', '2025-06-23', 26.58, 'RON'),
(694, 3, 'P003', '2025-06-23', 17.19, 'RON'),
(695, 1, 'P043', '2025-06-23', 20.80, 'RON'),
(696, 2, 'P068', '2025-06-23', 1.16, 'RON'),
(697, 2, 'P024', '2025-06-23', 5.17, 'RON'),
(698, 3, 'P036', '2025-06-23', 21.90, 'RON'),
(699, 3, 'P045', '2025-06-23', 13.70, 'RON'),
(700, 2, 'P028', '2025-06-23', 13.00, 'RON'),
(701, 3, 'P013', '2025-06-23', 4.99, 'RON'),
(702, 3, 'P018', '2025-06-23', 28.47, 'RON'),
(703, 1, 'P054', '2025-06-23', 7.27, 'RON'),
(704, 2, 'P025', '2025-06-23', 10.78, 'RON'),
(705, 3, 'P021', '2025-06-23', 3.19, 'RON'),
(706, 2, 'P069', '2025-06-23', 14.08, 'RON'),
(707, 2, 'P047', '2025-06-23', 9.30, 'RON'),
(708, 2, 'P032', '2025-06-23', 11.20, 'RON'),
(709, 3, 'P014', '2025-06-23', 4.86, 'RON'),
(710, 3, 'P068', '2025-06-23', 0.64, 'RON'),
(711, 3, 'P035', '2025-06-23', 18.91, 'RON'),
(712, 1, 'P056', '2025-06-23', 1.56, 'RON'),
(713, 1, 'P031', '2025-06-23', 7.04, 'RON'),
(714, 1, 'P039', '2025-06-23', 49.15, 'RON'),
(715, 1, 'P001', '2025-06-23', 13.47, 'RON'),
(716, 3, 'P050', '2025-06-23', 26.26, 'RON'),
(717, 3, 'P060', '2025-06-23', 10.33, 'RON'),
(718, 2, 'P006', '2025-06-23', 11.62, 'RON'),
(719, 1, 'P058', '2025-06-23', 3.48, 'RON'),
(720, 1, 'P063', '2025-06-23', 16.68, 'RON'),
(721, 2, 'P029', '2025-06-23', 8.58, 'RON'),
(722, 3, 'P034', '2025-06-23', 25.74, 'RON'),
(723, 1, 'P042', '2025-06-23', 16.71, 'RON'),
(724, 2, 'P038', '2025-06-23', 57.80, 'RON'),
(725, 3, 'P043', '2025-06-23', 19.71, 'RON'),
(726, 3, 'P012', '2025-06-23', 1.71, 'RON'),
(727, 2, 'P055', '2025-06-23', 5.82, 'RON'),
(728, 1, 'P016', '2025-06-23', 11.81, 'RON'),
(729, 1, 'P046', '2025-06-23', 3.34, 'RON'),
(730, 3, 'P061', '2025-06-23', 12.79, 'RON'),
(731, 1, 'P068', '2025-06-23', 2.91, 'RON'),
(732, 1, 'P022', '2025-06-23', 4.88, 'RON'),
(733, 1, 'P011', '2025-06-23', 1.11, 'RON'),
(734, 3, 'P017', '2025-06-23', 28.54, 'RON'),
(735, 3, 'P008', '2025-06-30', 14.10, 'RON'),
(736, 2, 'P002', '2025-06-30', 14.34, 'RON'),
(737, 3, 'P047', '2025-06-30', 8.42, 'RON'),
(738, 2, 'P015', '2025-06-30', 10.46, 'RON'),
(739, 2, 'P053', '2025-06-30', 3.69, 'RON'),
(740, 1, 'P070', '2025-06-30', 1.04, 'RON'),
(741, 2, 'P032', '2025-06-30', 12.16, 'RON'),
(742, 1, 'P026', '2025-06-30', 6.53, 'RON'),
(743, 2, 'P063', '2025-06-30', 16.10, 'RON'),
(744, 1, 'P060', '2025-06-30', 10.90, 'RON'),
(745, 1, 'P061', '2025-06-30', 11.02, 'RON'),
(746, 2, 'P014', '2025-06-30', 6.69, 'RON'),
(747, 2, 'P039', '2025-06-30', 48.47, 'RON'),
(748, 1, 'P063', '2025-06-30', 17.52, 'RON'),
(749, 3, 'P065', '2025-06-30', 21.09, 'RON'),
(750, 1, 'P064', '2025-06-30', 4.27, 'RON'),
(751, 2, 'P029', '2025-06-30', 7.87, 'RON'),
(752, 3, 'P001', '2025-06-30', 11.63, 'RON'),
(753, 3, 'P007', '2025-06-30', 13.48, 'RON'),
(754, 1, 'P058', '2025-06-30', 2.11, 'RON'),
(755, 2, 'P064', '2025-06-30', 6.02, 'RON'),
(756, 2, 'P055', '2025-06-30', 4.97, 'RON'),
(757, 1, 'P051', '2025-06-30', 20.13, 'RON'),
(758, 3, 'P059', '2025-06-30', 3.58, 'RON'),
(759, 1, 'P003', '2025-06-30', 18.90, 'RON'),
(760, 2, 'P041', '2025-06-30', 17.64, 'RON'),
(761, 3, 'P028', '2025-06-30', 14.91, 'RON'),
(762, 1, 'P054', '2025-06-30', 6.92, 'RON'),
(763, 2, 'P065', '2025-06-30', 22.26, 'RON'),
(764, 3, 'P061', '2025-06-30', 10.53, 'RON'),
(765, 3, 'P046', '2025-06-30', 1.51, 'RON'),
(766, 3, 'P004', '2025-06-30', 14.03, 'RON'),
(767, 2, 'P022', '2025-06-30', 3.56, 'RON'),
(768, 3, 'P048', '2025-06-30', 3.42, 'RON'),
(769, 2, 'P062', '2025-06-30', 11.84, 'RON'),
(770, 3, 'P060', '2025-06-30', 11.27, 'RON'),
(771, 1, 'P030', '2025-06-30', 4.12, 'RON'),
(772, 2, 'P006', '2025-06-30', 11.40, 'RON'),
(773, 3, 'P039', '2025-06-30', 46.94, 'RON'),
(774, 3, 'P042', '2025-06-30', 13.19, 'RON'),
(775, 3, 'P012', '2025-06-30', 0.43, 'RON'),
(776, 1, 'P029', '2025-06-30', 7.98, 'RON'),
(777, 1, 'P008', '2025-06-30', 14.54, 'RON'),
(778, 1, 'P066', '2025-06-30', 9.37, 'RON'),
(779, 3, 'P022', '2025-06-30', 2.24, 'RON'),
(780, 2, 'P038', '2025-06-30', 53.85, 'RON'),
(781, 2, 'P030', '2025-06-30', 5.22, 'RON'),
(782, 2, 'P034', '2025-06-30', 27.46, 'RON'),
(783, 1, 'P013', '2025-06-30', 3.22, 'RON'),
(784, 3, 'P040', '2025-06-30', 14.19, 'RON'),
(785, 3, 'P056', '2025-06-30', 1.56, 'RON'),
(786, 1, 'P050', '2025-06-30', 27.44, 'RON'),
(787, 3, 'P037', '2025-06-30', 47.24, 'RON'),
(788, 2, 'P051', '2025-06-30', 21.09, 'RON'),
(789, 1, 'P057', '2025-06-30', 3.27, 'RON'),
(790, 2, 'P052', '2025-06-30', 1.66, 'RON'),
(791, 3, 'P055', '2025-06-30', 4.43, 'RON'),
(792, 1, 'P040', '2025-06-30', 13.33, 'RON'),
(793, 3, 'P005', '2025-06-30', 8.99, 'RON'),
(794, 3, 'P035', '2025-06-30', 17.79, 'RON'),
(795, 1, 'P034', '2025-06-30', 28.58, 'RON'),
(796, 2, 'P001', '2025-06-30', 12.85, 'RON'),
(797, 2, 'P060', '2025-06-30', 10.84, 'RON'),
(798, 3, 'P030', '2025-06-30', 4.11, 'RON'),
(799, 3, 'P032', '2025-06-30', 12.77, 'RON'),
(800, 2, 'P044', '2025-06-30', 15.98, 'RON'),
(801, 3, 'P017', '2025-06-30', 27.42, 'RON'),
(802, 1, 'P017', '2025-06-30', 25.70, 'RON'),
(803, 2, 'P017', '2025-06-30', 24.93, 'RON'),
(804, 2, 'P021', '2025-06-30', 3.88, 'RON'),
(805, 1, 'P002', '2025-06-30', 13.08, 'RON'),
(806, 1, 'P049', '2025-06-30', 25.13, 'RON'),
(807, 1, 'P042', '2025-06-30', 13.72, 'RON'),
(808, 3, 'P058', '2025-06-30', 1.36, 'RON'),
(809, 1, 'P021', '2025-06-30', 4.49, 'RON'),
(810, 1, 'P055', '2025-06-30', 3.56, 'RON'),
(811, 3, 'P069', '2025-06-30', 15.50, 'RON'),
(812, 2, 'P069', '2025-06-30', 16.24, 'RON'),
(813, 3, 'P002', '2025-06-30', 15.22, 'RON');

-- --------------------------------------------------------

--
-- Table structure for table `product`
--

CREATE TABLE `product` (
  `product_id` varchar(10) NOT NULL,
  `product_name` varchar(200) NOT NULL,
  `category_id` int NOT NULL,
  `brand_id` int DEFAULT NULL,
  `unit_id` int DEFAULT NULL,
  `package_qty` decimal(8,2) NOT NULL
) ENGINE=InnoDB DEFAULT CHARSET=utf8mb4 COLLATE=utf8mb4_0900_ai_ci;

--
-- Dumping data for table `product`
--

INSERT INTO `product` (`product_id`, `product_name`, `category_id`, `brand_id`, `unit_id`, `package_qty`) VALUES
('P001', 'lapte zuzu', 1, 1, 1, 1.00),
('P002', 'iaurt grecesc', 1, 2, 2, 0.40),
('P003', 'iaurt grecesc', 1, 34, 2, 0.40),
('P004', 'iaurt grecesc', 1, 17, 2, 0.40),
('P005', 'ouă mărimea M', 2, 2, 3, 10.00),
('P006', 'ouă mărimea M', 2, 35, 3, 10.00),
('P007', 'ouă mărimea M', 2, 18, 3, 10.00),
('P008', 'brânză telemea', 1, 3, 2, 0.30),
('P009', 'brânză telemea', 1, 36, 2, 0.30),
('P010', 'brânză telemea', 1, 17, 2, 0.30),
('P011', 'pâine albă', 3, 2, 4, 500.00),
('P012', 'pâine albă', 3, 37, 4, 500.00),
('P013', 'pâine albă', 3, 17, 4, 500.00),
('P014', 'roșii cherry', 4, 2, 4, 250.00),
('P015', 'roșii cherry', 4, 38, 4, 250.00),
('P016', 'roșii cherry', 4, 19, 4, 250.00),
('P017', 'piept pui', 5, 2, 2, 1.00),
('P018', 'piept pui', 5, 39, 2, 1.00),
('P019', 'piept pui', 5, 20, 2, 1.00),
('P020', 'spaghetti nr.5', 6, 4, 4, 500.00),
('P021', 'zahăr tos', 7, 2, 2, 1.00),
('P022', 'zahăr tos', 7, 40, 2, 1.00),
('P023', 'zahăr tos', 7, 17, 2, 1.00),
('P024', 'apă plată', 8, 5, 1, 2.00),
('P025', 'apă plată', 8, 41, 1, 2.00),
('P026', 'banane', 4, 2, 2, 1.00),
('P027', 'banane', 4, 19, 2, 1.00),
('P028', 'ulei floarea-soarelui', 7, 6, 1, 1.00),
('P029', 'ulei floarea-soarelui', 7, 42, 1, 1.00),
('P030', 'ulei floarea-soarelui', 7, 21, 1, 1.00),
('P031', 'biscuiți cu unt', 9, 7, 2, 0.20),
('P032', 'biscuiți cu unt', 9, 43, 2, 0.20),
('P033', 'biscuiți cu unt', 9, 22, 2, 0.20),
('P034', 'cafea măcinată', 10, 8, 2, 0.25),
('P035', 'cafea măcinată', 10, 44, 2, 0.25),
('P036', 'cafea măcinată', 10, 23, 2, 0.25),
('P037', 'detergent lichid', 11, 9, 1, 2.50),
('P038', 'detergent lichid', 11, 45, 1, 2.50),
('P039', 'detergent lichid', 11, 24, 1, 2.50),
('P040', 'șampon păr gras', 12, 10, 5, 400.00),
('P041', 'șampon păr gras', 12, 46, 5, 400.00),
('P042', 'șampon păr gras', 12, 25, 5, 400.00),
('P043', 'hârtie igienică 3 straturi', 11, 11, 6, 10.00),
('P044', 'hârtie igienică 3 straturi', 11, 47, 6, 10.00),
('P045', 'hârtie igienică 3 straturi', 11, 26, 6, 10.00),
('P046', 'piper negru măcinat', 13, 12, 4, 50.00),
('P047', 'piper negru măcinat', 13, 48, 4, 50.00),
('P048', 'piper negru măcinat', 13, 27, 4, 50.00),
('P049', 'vin alb demisec', 8, 13, 1, 0.75),
('P050', 'vin alb demisec', 8, 49, 1, 0.75),
('P051', 'vin alb demisec', 8, 28, 1, 0.75),
('P052', 'ciocolată neagră 70%', 9, 14, 4, 100.00),
('P053', 'ciocolată neagră 70%', 9, 50, 4, 100.00),
('P054', 'ciocolată neagră 70%', 9, 29, 4, 100.00),
('P055', 'cartofi albi', 4, 2, 2, 1.00),
('P056', 'cartofi albi', 4, 19, 2, 1.00),
('P057', 'ceapă galbenă', 4, 2, 2, 1.00),
('P058', 'ceapă galbenă', 4, 19, 2, 1.00),
('P059', 'morcovi', 4, 19, 2, 0.50),
('P060', 'suc portocale', 8, 51, 1, 1.00),
('P061', 'suc portocale', 8, 53, 1, 1.00),
('P062', 'cașcaval', 1, 52, 2, 0.25),
('P063', 'cașcaval', 1, 37, 2, 0.25),
('P064', 'mălai extra', 7, 15, 2, 1.00),
('P065', 'file somon', 14, 2, 2, 0.20),
('P066', 'cremă de brânză', 1, 16, 2, 0.15),
('P067', 'orez bob lung', 7, 30, 2, 1.00),
('P068', 'iaurt de băut', 1, 31, 2, 0.33),
('P069', 'pastă de dinți', 12, 32, 5, 100.00),
('P070', 'bere blondă', 8, 33, 1, 0.50);

-- --------------------------------------------------------

--
-- Table structure for table `promotion`
--

CREATE TABLE `promotion` (
  `promotion_id` int NOT NULL,
  `from_date` date NOT NULL,
  `to_date` date NOT NULL,
  `discount_pct` decimal(5,2) NOT NULL
) ENGINE=InnoDB DEFAULT CHARSET=utf8mb4 COLLATE=utf8mb4_0900_ai_ci;

--
-- Dumping data for table `promotion`
--

INSERT INTO `promotion` (`promotion_id`, `from_date`, `to_date`, `discount_pct`) VALUES
(1, '2025-05-01', '2025-05-07', 10.00),
(2, '2025-05-01', '2025-05-07', 15.00),
(3, '2025-05-03', '2025-05-09', 20.00),
(4, '2025-05-04', '2025-05-10', 12.00),
(5, '2025-05-02', '2025-05-08', 5.00),
(6, '2025-05-02', '2025-05-08', 8.00),
(7, '2025-05-06', '2025-05-12', 25.00),
(8, '2025-05-05', '2025-05-11', 15.00),
(9, '2025-05-03', '2025-05-09', 18.00),
(10, '2025-05-01', '2025-05-07', 5.00),
(11, '2025-05-04', '2025-05-10', 7.00),
(12, '2025-05-02', '2025-05-08', 6.00),
(13, '2025-05-05', '2025-05-11', 10.00),
(14, '2025-05-06', '2025-05-12', 12.00),
(15, '2025-05-04', '2025-05-10', 9.00),
(16, '2025-05-03', '2025-05-09', 14.00),
(17, '2025-05-06', '2025-05-12', 6.00),
(18, '2025-05-05', '2025-05-11', 11.00),
(19, '2025-05-06', '2025-05-12', 5.00),
(20, '2025-05-01', '2025-05-07', 8.00),
(21, '2025-05-01', '2025-05-07', 12.00),
(22, '2025-05-02', '2025-05-08', 10.00),
(23, '2025-05-03', '2025-05-09', 5.00),
(24, '2025-05-04', '2025-05-10', 15.00),
(25, '2025-05-01', '2025-05-07', 20.00),
(27, '2025-05-03', '2025-05-09', 10.00),
(28, '2025-05-04', '2025-05-10', 6.00),
(29, '2025-05-01', '2025-05-07', 7.00),
(30, '2025-05-01', '2025-05-07', 10.00),
(31, '2025-05-01', '2025-05-07', 22.00),
(33, '2025-05-02', '2025-05-08', 12.00),
(34, '2025-05-02', '2025-05-08', 7.00),
(36, '2025-05-03', '2025-05-09', 8.00),
(37, '2025-05-03', '2025-05-09', 10.00),
(38, '2025-05-04', '2025-05-10', 10.00),
(40, '2025-05-08', '2025-05-14', 12.00),
(42, '2025-05-08', '2025-05-14', 7.00),
(43, '2025-05-08', '2025-05-14', 5.00),
(44, '2025-05-09', '2025-05-15', 8.00),
(45, '2025-05-09', '2025-05-15', 20.00),
(46, '2025-05-09', '2025-05-15', 12.00),
(47, '2025-05-09', '2025-05-15', 10.00),
(48, '2025-05-10', '2025-05-16', 15.00),
(49, '2025-05-10', '2025-05-16', 18.00),
(51, '2025-05-10', '2025-05-16', 8.00),
(52, '2025-05-08', '2025-05-14', 9.00),
(54, '2025-05-08', '2025-05-14', 6.00),
(56, '2025-05-09', '2025-05-15', 18.00),
(59, '2025-05-10', '2025-05-16', 12.00),
(63, '2025-05-08', '2025-05-14', 10.00),
(65, '2025-05-09', '2025-05-15', 15.00),
(67, '2025-05-09', '2025-05-15', 5.00),
(68, '2025-05-10', '2025-05-16', 7.00),
(71, '2025-05-10', '2025-05-16', 6.00),
(74, '2025-05-08', '2025-05-14', 6.00),
(81, '2025-05-10', '2025-05-16', 6.00),
(83, '2025-05-08', '2025-05-14', 11.00),
(84, '2025-05-09', '2025-05-15', 7.00),
(86, '2025-05-08', '2025-05-14', 8.00),
(87, '2025-05-09', '2025-05-15', 12.00),
(88, '2025-05-10', '2025-05-16', 11.00),
(89, '2025-05-08', '2025-05-14', 13.00),
(91, '2025-05-10', '2025-05-16', 5.00),
(95, '2025-05-12', '2025-05-18', 30.00),
(96, '2025-05-12', '2025-05-15', 28.00),
(97, '2025-05-12', '2025-05-13', 21.00),
(98, '2025-05-12', '2025-05-16', 31.00),
(99, '2025-05-12', '2025-05-15', 21.00),
(100, '2025-05-12', '2025-05-16', 12.00),
(101, '2025-05-12', '2025-05-17', 6.00),
(102, '2025-05-12', '2025-05-16', 23.00),
(103, '2025-05-12', '2025-05-14', 30.00),
(104, '2025-05-12', '2025-05-18', 17.00),
(105, '2025-05-19', '2025-05-21', 24.00),
(106, '2025-05-19', '2025-05-20', 11.00),
(107, '2025-05-19', '2025-05-20', 23.00),
(108, '2025-05-19', '2025-05-20', 49.00),
(109, '2025-05-19', '2025-05-24', 10.00),
(110, '2025-05-19', '2025-05-23', 22.00),
(111, '2025-05-19', '2025-05-25', 35.00),
(112, '2025-05-19', '2025-05-20', 38.00),
(113, '2025-05-19', '2025-05-21', 45.00),
(114, '2025-05-19', '2025-05-23', 35.00),
(115, '2025-05-26', '2025-05-31', 5.00),
(116, '2025-05-26', '2025-05-31', 42.00),
(117, '2025-05-26', '2025-06-01', 30.00),
(118, '2025-05-26', '2025-05-27', 11.00),
(119, '2025-05-26', '2025-05-30', 49.00),
(120, '2025-05-26', '2025-05-27', 38.00),
(121, '2025-05-26', '2025-05-31', 11.00),
(122, '2025-05-26', '2025-05-27', 15.00),
(123, '2025-05-26', '2025-05-27', 12.00),
(124, '2025-05-26', '2025-05-27', 35.00),
(125, '2025-05-26', '2025-05-31', 15.00),
(126, '2025-05-26', '2025-06-01', 44.00),
(127, '2025-05-26', '2025-05-29', 28.00),
(128, '2025-05-26', '2025-05-28', 39.00),
(129, '2025-05-26', '2025-06-01', 45.00),
(130, '2025-05-26', '2025-05-28', 42.00),
(131, '2025-05-26', '2025-05-27', 20.00),
(132, '2025-05-26', '2025-05-29', 7.00),
(133, '2025-05-26', '2025-05-29', 46.00),
(134, '2025-06-02', '2025-06-03', 8.00),
(135, '2025-06-02', '2025-06-07', 24.00),
(136, '2025-06-02', '2025-06-03', 11.00),
(137, '2025-06-02', '2025-06-08', 34.00),
(138, '2025-06-02', '2025-06-04', 15.00),
(139, '2025-06-02', '2025-06-06', 39.00),
(140, '2025-06-02', '2025-06-08', 5.00),
(141, '2025-06-02', '2025-06-06', 19.00),
(142, '2025-06-02', '2025-06-06', 31.00),
(143, '2025-06-02', '2025-06-07', 26.00),
(144, '2025-06-09', '2025-06-11', 44.00),
(145, '2025-06-09', '2025-06-11', 49.00),
(146, '2025-06-09', '2025-06-14', 12.00),
(147, '2025-06-09', '2025-06-11', 29.00),
(148, '2025-06-09', '2025-06-13', 48.00),
(149, '2025-06-09', '2025-06-15', 36.00),
(150, '2025-06-09', '2025-06-12', 45.00),
(151, '2025-06-09', '2025-06-15', 12.00),
(152, '2025-06-09', '2025-06-15', 46.00),
(153, '2025-06-09', '2025-06-15', 30.00),
(154, '2025-06-16', '2025-06-19', 22.00),
(155, '2025-06-16', '2025-06-18', 49.00),
(156, '2025-06-16', '2025-06-21', 43.00),
(157, '2025-06-16', '2025-06-21', 22.00),
(158, '2025-06-16', '2025-06-22', 17.00),
(159, '2025-06-16', '2025-06-22', 5.00),
(160, '2025-06-16', '2025-06-18', 8.00),
(161, '2025-06-16', '2025-06-19', 20.00),
(162, '2025-06-16', '2025-06-21', 46.00),
(163, '2025-06-23', '2025-06-28', 32.00),
(164, '2025-06-23', '2025-06-29', 30.00),
(165, '2025-06-23', '2025-06-29', 48.00),
(166, '2025-06-23', '2025-06-27', 17.00),
(167, '2025-06-23', '2025-06-25', 34.00),
(168, '2025-06-23', '2025-06-28', 39.00),
(169, '2025-06-23', '2025-06-27', 18.00),
(170, '2025-06-23', '2025-06-27', 20.00),
(171, '2025-06-23', '2025-06-26', 7.00),
(172, '2025-06-23', '2025-06-25', 50.00);

-- --------------------------------------------------------

--
-- Table structure for table `promotion_apply`
--

CREATE TABLE `promotion_apply` (
  `apply_id` int NOT NULL,
  `promotion_id` int NOT NULL,
  `price_snapshot_id` int NOT NULL
) ENGINE=InnoDB DEFAULT CHARSET=utf8mb4 COLLATE=utf8mb4_0900_ai_ci;

--
-- Dumping data for table `promotion_apply`
--

INSERT INTO `promotion_apply` (`apply_id`, `promotion_id`, `price_snapshot_id`) VALUES
(1, 1, 1),
(2, 2, 4),
(3, 3, 8),
(4, 4, 14),
(5, 5, 5),
(6, 6, 6),
(7, 7, 15),
(8, 8, 16),
(9, 1, 19),
(10, 9, 20),
(11, 10, 10),
(12, 11, 3),
(13, 12, 7),
(14, 13, 12),
(15, 14, 18),
(16, 15, 13),
(17, 16, 17),
(18, 17, 11),
(19, 18, 2),
(20, 19, 6),
(21, 20, 21),
(22, 23, 30),
(51, 33, 122),
(52, 9, 123),
(53, 38, 129),
(54, 31, 130),
(55, 33, 131),
(56, 36, 134),
(57, 24, 135),
(58, 10, 136),
(59, 34, 139),
(62, 40, 66),
(64, 44, 72),
(65, 48, 79),
(66, 42, 77),
(67, 45, 80),
(68, 49, 81),
(70, 46, 85),
(72, 43, 88),
(73, 47, 89),
(74, 51, 90),
(75, 52, 92),
(76, 63, 93),
(77, 65, 98),
(78, 68, 100),
(79, 56, 105),
(80, 59, 107),
(81, 63, 109),
(82, 67, 111),
(83, 51, 112),
(84, 63, 113),
(85, 65, 114),
(88, 52, 141),
(89, 83, 143),
(90, 84, 145),
(91, 86, 152),
(92, 88, 154),
(93, 89, 157),
(94, 47, 158),
(95, 91, 162),
(96, 52, 164),
(112, 102, 221),
(113, 96, 179),
(114, 102, 198),
(115, 104, 204),
(116, 95, 170),
(117, 95, 231),
(118, 104, 185),
(119, 98, 207),
(120, 104, 190),
(121, 102, 241),
(122, 98, 236),
(123, 103, 211),
(124, 95, 197),
(125, 100, 229),
(126, 104, 176),
(127, 98, 210),
(128, 101, 205),
(129, 97, 232),
(130, 103, 200),
(131, 101, 242),
(132, 109, 282),
(133, 113, 279),
(134, 113, 325),
(135, 109, 265),
(136, 108, 312),
(137, 112, 290),
(138, 110, 255),
(139, 113, 268),
(140, 109, 258),
(141, 114, 264),
(142, 109, 277),
(143, 112, 322),
(144, 109, 293),
(145, 105, 274),
(146, 110, 281),
(147, 105, 296),
(148, 114, 253),
(149, 105, 262),
(150, 114, 324),
(151, 107, 280),
(152, 127, 336),
(153, 123, 403),
(154, 129, 349),
(155, 124, 402),
(156, 115, 335),
(157, 131, 394),
(158, 126, 382),
(159, 117, 376),
(160, 126, 386),
(161, 131, 397),
(162, 131, 370),
(163, 119, 389),
(164, 126, 383),
(165, 129, 337),
(166, 120, 399),
(167, 116, 327),
(168, 133, 333),
(169, 116, 347),
(170, 127, 385),
(171, 117, 355),
(172, 141, 438),
(173, 136, 472),
(174, 140, 414),
(175, 134, 416),
(176, 142, 481),
(177, 137, 450),
(178, 139, 455),
(179, 140, 491),
(180, 136, 428),
(181, 143, 487),
(182, 141, 410),
(183, 136, 431),
(184, 143, 447),
(185, 135, 444),
(186, 141, 458),
(187, 142, 409),
(188, 138, 440),
(189, 143, 471),
(190, 142, 446),
(191, 137, 464),
(192, 146, 552),
(193, 146, 569),
(194, 145, 549),
(195, 150, 505),
(196, 152, 529),
(197, 152, 511),
(198, 149, 546),
(199, 149, 510),
(200, 150, 534),
(201, 148, 495),
(202, 151, 516),
(203, 146, 562),
(204, 150, 544),
(205, 148, 559),
(206, 152, 508),
(207, 146, 528),
(208, 151, 568),
(209, 147, 515),
(210, 146, 560),
(211, 144, 519),
(212, 160, 633),
(213, 162, 596),
(214, 162, 636),
(215, 158, 625),
(216, 162, 651),
(217, 160, 644),
(218, 157, 628),
(219, 162, 640),
(220, 159, 582),
(221, 156, 576),
(222, 158, 639),
(223, 155, 589),
(224, 154, 641),
(225, 162, 605),
(226, 161, 575),
(227, 154, 612),
(228, 161, 594),
(229, 159, 609),
(230, 160, 624),
(231, 154, 599),
(232, 164, 692),
(233, 163, 683),
(234, 171, 678),
(235, 169, 682),
(236, 170, 671),
(237, 165, 687),
(238, 163, 707),
(239, 171, 660),
(240, 165, 699),
(241, 169, 705),
(242, 166, 703),
(243, 170, 711),
(244, 171, 693),
(245, 166, 714),
(246, 167, 732),
(247, 167, 702),
(248, 164, 694),
(249, 168, 655),
(250, 169, 723),
(251, 168, 716);

-- --------------------------------------------------------

--
-- Table structure for table `unit`
--

CREATE TABLE `unit` (
  `unit_id` int NOT NULL,
  `code` varchar(10) NOT NULL,
  `label` varchar(50) DEFAULT NULL,
  `conversion_factor` decimal(10,4) NOT NULL
) ENGINE=InnoDB DEFAULT CHARSET=utf8mb4 COLLATE=utf8mb4_0900_ai_ci;

--
-- Dumping data for table `unit`
--

INSERT INTO `unit` (`unit_id`, `code`, `label`, `conversion_factor`) VALUES
(1, 'l', 'litru', 1.0000),
(2, 'kg', 'kilogram', 1.0000),
(3, 'buc', 'bucată', 1.0000),
(4, 'g', 'gram', 0.0010),
(5, 'ml', 'mililitru', 0.0010),
(6, 'role', 'role', 1.0000);

-- --------------------------------------------------------

--
-- Table structure for table `users`
--

CREATE TABLE `users` (
  `user_id` bigint NOT NULL,
  `name` varchar(200) NOT NULL
) ENGINE=MyISAM DEFAULT CHARSET=utf8mb4 COLLATE=utf8mb4_0900_ai_ci;

--
-- Dumping data for table `users`
--

INSERT INTO `users` (`user_id`, `name`) VALUES
(1, 'Jonathan '),
(2, 'Bravo');

--
-- Indexes for dumped tables
--

--
-- Indexes for table `brand`
--
ALTER TABLE `brand`
  ADD PRIMARY KEY (`brand_id`),
  ADD UNIQUE KEY `name` (`name`);

--
-- Indexes for table `cart`
--
ALTER TABLE `cart`
  ADD PRIMARY KEY (`cart_id`),
  ADD UNIQUE KEY `UK9emlp6m95v5er2bcqkjsw48he` (`user_id`);

--
-- Indexes for table `carts`
--
ALTER TABLE `carts`
  ADD PRIMARY KEY (`cart_id`),
  ADD KEY `fk_cart_user` (`user_id`);

--
-- Indexes for table `cart_items`
--
ALTER TABLE `cart_items`
  ADD PRIMARY KEY (`cart_item_id`),
  ADD UNIQUE KEY `ux_cart_prod` (`cart_id`,`product_id`),
  ADD KEY `fk_ci_product` (`product_id`);

--
-- Indexes for table `category`
--
ALTER TABLE `category`
  ADD PRIMARY KEY (`category_id`),
  ADD UNIQUE KEY `name` (`name`);

--
-- Indexes for table `magazine`
--
ALTER TABLE `magazine`
  ADD PRIMARY KEY (`magazine_id`),
  ADD UNIQUE KEY `name` (`name`);

--
-- Indexes for table `price_alerts`
--
ALTER TABLE `price_alerts`
  ADD PRIMARY KEY (`alert_id`),
  ADD KEY `idx_alert_user` (`user_id`),
  ADD KEY `idx_alert_product` (`product_id`),
  ADD KEY `idx_alert_active` (`active`);

--
-- Indexes for table `price_snapshot`
--
ALTER TABLE `price_snapshot`
  ADD PRIMARY KEY (`snapshot_id`),
  ADD UNIQUE KEY `uq_mag_prod_date` (`magazine_id`,`product_id`,`snapshot_date`),
  ADD KEY `fk_snapshot_magazine` (`magazine_id`),
  ADD KEY `fk_snapshot_product` (`product_id`);

--
-- Indexes for table `product`
--
ALTER TABLE `product`
  ADD PRIMARY KEY (`product_id`),
  ADD KEY `fk_product_brand` (`brand_id`),
  ADD KEY `fk_product_category` (`category_id`),
  ADD KEY `fk_product_unit` (`unit_id`);

--
-- Indexes for table `promotion`
--
ALTER TABLE `promotion`
  ADD PRIMARY KEY (`promotion_id`);

--
-- Indexes for table `promotion_apply`
--
ALTER TABLE `promotion_apply`
  ADD PRIMARY KEY (`apply_id`),
  ADD KEY `fk_apply_promotion` (`promotion_id`),
  ADD KEY `fk_apply_snapshot` (`price_snapshot_id`);

--
-- Indexes for table `unit`
--
ALTER TABLE `unit`
  ADD PRIMARY KEY (`unit_id`),
  ADD UNIQUE KEY `code` (`code`);

--
-- Indexes for table `users`
--
ALTER TABLE `users`
  ADD PRIMARY KEY (`user_id`);

--
-- AUTO_INCREMENT for dumped tables
--

--
-- AUTO_INCREMENT for table `brand`
--
ALTER TABLE `brand`
  MODIFY `brand_id` int NOT NULL AUTO_INCREMENT, AUTO_INCREMENT=54;

--
-- AUTO_INCREMENT for table `cart`
--
ALTER TABLE `cart`
  MODIFY `cart_id` int NOT NULL AUTO_INCREMENT;

--
-- AUTO_INCREMENT for table `carts`
--
ALTER TABLE `carts`
  MODIFY `cart_id` bigint NOT NULL AUTO_INCREMENT, AUTO_INCREMENT=3;

--
-- AUTO_INCREMENT for table `cart_items`
--
ALTER TABLE `cart_items`
  MODIFY `cart_item_id` bigint NOT NULL AUTO_INCREMENT, AUTO_INCREMENT=13;

--
-- AUTO_INCREMENT for table `category`
--
ALTER TABLE `category`
  MODIFY `category_id` int NOT NULL AUTO_INCREMENT, AUTO_INCREMENT=15;

--
-- AUTO_INCREMENT for table `magazine`
--
ALTER TABLE `magazine`
  MODIFY `magazine_id` int NOT NULL AUTO_INCREMENT, AUTO_INCREMENT=4;

--
-- AUTO_INCREMENT for table `price_alerts`
--
ALTER TABLE `price_alerts`
  MODIFY `alert_id` bigint NOT NULL AUTO_INCREMENT, AUTO_INCREMENT=12;

--
-- AUTO_INCREMENT for table `price_snapshot`
--
ALTER TABLE `price_snapshot`
  MODIFY `snapshot_id` int NOT NULL AUTO_INCREMENT, AUTO_INCREMENT=814;

--
-- AUTO_INCREMENT for table `promotion`
--
ALTER TABLE `promotion`
  MODIFY `promotion_id` int NOT NULL AUTO_INCREMENT, AUTO_INCREMENT=173;

--
-- AUTO_INCREMENT for table `promotion_apply`
--
ALTER TABLE `promotion_apply`
  MODIFY `apply_id` int NOT NULL AUTO_INCREMENT, AUTO_INCREMENT=252;

--
-- AUTO_INCREMENT for table `unit`
--
ALTER TABLE `unit`
  MODIFY `unit_id` int NOT NULL AUTO_INCREMENT, AUTO_INCREMENT=7;

--
-- AUTO_INCREMENT for table `users`
--
ALTER TABLE `users`
  MODIFY `user_id` bigint NOT NULL AUTO_INCREMENT, AUTO_INCREMENT=3;

--
-- Constraints for dumped tables
--

--
-- Constraints for table `price_snapshot`
--
ALTER TABLE `price_snapshot`
  ADD CONSTRAINT `fk_snapshot_magazine` FOREIGN KEY (`magazine_id`) REFERENCES `magazine` (`magazine_id`) ON DELETE CASCADE ON UPDATE CASCADE,
  ADD CONSTRAINT `fk_snapshot_product` FOREIGN KEY (`product_id`) REFERENCES `product` (`product_id`) ON DELETE RESTRICT ON UPDATE CASCADE;

--
-- Constraints for table `product`
--
ALTER TABLE `product`
  ADD CONSTRAINT `fk_product_brand` FOREIGN KEY (`brand_id`) REFERENCES `brand` (`brand_id`) ON DELETE RESTRICT ON UPDATE CASCADE,
  ADD CONSTRAINT `fk_product_category` FOREIGN KEY (`category_id`) REFERENCES `category` (`category_id`) ON DELETE RESTRICT ON UPDATE CASCADE,
  ADD CONSTRAINT `fk_product_unit` FOREIGN KEY (`unit_id`) REFERENCES `unit` (`unit_id`);

--
-- Constraints for table `promotion_apply`
--
ALTER TABLE `promotion_apply`
  ADD CONSTRAINT `fk_apply_promotion` FOREIGN KEY (`promotion_id`) REFERENCES `promotion` (`promotion_id`) ON DELETE CASCADE ON UPDATE CASCADE,
  ADD CONSTRAINT `fk_apply_snapshot` FOREIGN KEY (`price_snapshot_id`) REFERENCES `price_snapshot` (`snapshot_id`) ON DELETE CASCADE ON UPDATE CASCADE;
COMMIT;

/*!40101 SET CHARACTER_SET_CLIENT=@OLD_CHARACTER_SET_CLIENT */;
/*!40101 SET CHARACTER_SET_RESULTS=@OLD_CHARACTER_SET_RESULTS */;
/*!40101 SET COLLATION_CONNECTION=@OLD_COLLATION_CONNECTION */;
